Domain,Keyword,Source
AROUSAL_REGULATION,running  memory,RDoC
AROUSAL_REGULATION,sadness,RDoC
AROUSAL_REGULATION,sarcasm ,RDoC
AROUSAL_REGULATION,satiation,RDoC
AROUSAL_REGULATION,self  consciousness,RDoC
AROUSAL_REGULATION,self  knowledge,RDoC
AROUSAL_REGULATION,self  perception,RDoC
AROUSAL_REGULATION,self  understanding,RDoC
AROUSAL_REGULATION,self assessment,RDoC
AROUSAL_REGULATION,self monitoring,RDoC
AROUSAL_REGULATION,self referential,RDoC
AROUSAL_REGULATION,semantic  memory,RDoC
AROUSAL_REGULATION,sensation,RDoC
AROUSAL_REGULATION,sensory  arousal  threshold,RDoC
AROUSAL_REGULATION,sensory  reactivity,RDoC
AROUSAL_REGULATION,separation  distress,RDoC
AROUSAL_REGULATION,shame,RDoC
AROUSAL_REGULATION,situation,RDoC
AROUSAL_REGULATION,sleep,RDoC
AROUSAL_REGULATION,sleepiness,RDoC
AROUSAL_REGULATION,sleepwake,RDoC
AROUSAL_REGULATION,smell ,RDoC
AROUSAL_REGULATION,social  anhedonia,RDoC
AROUSAL_REGULATION,social  approach,RDoC
AROUSAL_REGULATION,social  communication,RDoC
AROUSAL_REGULATION,social  motivation,RDoC
AROUSAL_REGULATION,social  responsiveness,RDoC
AROUSAL_REGULATION,somatosensory,RDoC
AROUSAL_REGULATION,spatial  attention,RDoC
AROUSAL_REGULATION,spatial  cuing,RDoC
AROUSAL_REGULATION,speech,RDoC
AROUSAL_REGULATION,startle,RDoC
AROUSAL_REGULATION,stereotypic ,RDoC
AROUSAL_REGULATION,stimulus  detection,RDoC
AROUSAL_REGULATION,story  learning,RDoC
AROUSAL_REGULATION,strain,RDoC
AROUSAL_REGULATION,stranger,RDoC
AROUSAL_REGULATION,stroop,RDoC
AROUSAL_REGULATION,SUD,RDoC
AROUSAL_REGULATION,suicidal,RDoC
AROUSAL_REGULATION,suppression,RDoC
AROUSAL_REGULATION,sustained  attention,RDoC
AROUSAL_REGULATION,sustained  threat,RDoC
AROUSAL_REGULATION,switching,RDoC
AROUSAL_REGULATION,task  switching,RDoC
AROUSAL_REGULATION,taste  reactivity,RDoC
AROUSAL_REGULATION,therapy,RDoC
AROUSAL_REGULATION,thought,RDoC
AROUSAL_REGULATION,threat,RDoC
AROUSAL_REGULATION,total  sleep  time,RDoC
AROUSAL_REGULATION,uncertainty,RDoC
AROUSAL_REGULATION,understanding,RDoC
AROUSAL_REGULATION,updating,RDoC
AROUSAL_REGULATION,valuation,RDoC
AROUSAL_REGULATION,visual,RDoC
AROUSAL_REGULATION,visual  acuity,RDoC
AROUSAL_REGULATION,vocalization,RDoC
AROUSAL_REGULATION,wake  time,RDoC
AROUSAL_REGULATION,wakefulness,RDoC
AROUSAL_REGULATION,waking,RDoC
AROUSAL_REGULATION,withdrawal,RDoC
AROUSAL_REGULATION,worried,RDoC
AROUSAL_REGULATION,worry,RDoC
COGNITIVE_SYSTEMS,aberrant  ,RDoC
COGNITIVE_SYSTEMS,disability,RDoC
COGNITIVE_SYSTEMS,abuse,RDoC
COGNITIVE_SYSTEMS,action,RDoC
COGNITIVE_SYSTEMS,threat,RDoC
COGNITIVE_SYSTEMS,adhd,RDoC
COGNITIVE_SYSTEMS,attachment,RDoC
COGNITIVE_SYSTEMS,affiliation,RDoC
COGNITIVE_SYSTEMS,agency,RDoC
COGNITIVE_SYSTEMS,agent,RDoC
COGNITIVE_SYSTEMS,aggression,RDoC
COGNITIVE_SYSTEMS,agitation,RDoC
COGNITIVE_SYSTEMS,dependance,RDoC
COGNITIVE_SYSTEMS,alertness,RDoC
COGNITIVE_SYSTEMS,anergia,RDoC
COGNITIVE_SYSTEMS,alert,RDoC
COGNITIVE_SYSTEMS,amotivation,RDoC
COGNITIVE_SYSTEMS,analgesia,RDoC
COGNITIVE_SYSTEMS,anhedonia,RDoC
COGNITIVE_SYSTEMS,animacy,RDoC
COGNITIVE_SYSTEMS,anticipation,RDoC
COGNITIVE_SYSTEMS,anxiety,RDoC
COGNITIVE_SYSTEMS,anxious,RDoC
COGNITIVE_SYSTEMS,approach,RDoC
COGNITIVE_SYSTEMS,arousal,RDoC
COGNITIVE_SYSTEMS,assaultive,RDoC
COGNITIVE_SYSTEMS,attachment  ,RDoC
COGNITIVE_SYSTEMS,attention,RDoC
COGNITIVE_SYSTEMS,attentional ,RDoC
COGNITIVE_SYSTEMS,auditory,RDoC
COGNITIVE_SYSTEMS,auditory  hallucination,RDoC
COGNITIVE_SYSTEMS,avoidance,RDoC
COGNITIVE_SYSTEMS,empathy,RDoC
COGNITIVE_SYSTEMS,barbiturate,RDoC
COGNITIVE_SYSTEMS,behavioral  activation,RDoC
COGNITIVE_SYSTEMS,bereavement,RDoC
COGNITIVE_SYSTEMS,biological  motion,RDoC
COGNITIVE_SYSTEMS,brief,RDoC
COGNITIVE_SYSTEMS,capacity,RDoC
COGNITIVE_SYSTEMS,capture,RDoC
COGNITIVE_SYSTEMS,categorization,RDoC
COGNITIVE_SYSTEMS,chest,RDoC
COGNITIVE_SYSTEMS,childhood  trauma,RDoC
COGNITIVE_SYSTEMS,circadian,RDoC
COGNITIVE_SYSTEMS,cognition,RDoC
COGNITIVE_SYSTEMS,cognitive,RDoC
COGNITIVE_SYSTEMS,competition,RDoC
COGNITIVE_SYSTEMS,complex  span,RDoC
COGNITIVE_SYSTEMS,compliance,RDoC
COGNITIVE_SYSTEMS,compulsive  behavior,RDoC
COGNITIVE_SYSTEMS,consolidation,RDoC
COGNITIVE_SYSTEMS,control,RDoC
COGNITIVE_SYSTEMS,craving,RDoC
COGNITIVE_SYSTEMS,cry,RDoC
COGNITIVE_SYSTEMS,declarative,RDoC
COGNITIVE_SYSTEMS,decreased  appetitive  behavior,RDoC
COGNITIVE_SYSTEMS,decreased  libido,RDoC
COGNITIVE_SYSTEMS,delay,RDoC
COGNITIVE_SYSTEMS,delayed  reward,RDoC
COGNITIVE_SYSTEMS,delusion,RDoC
COGNITIVE_SYSTEMS,desire,RDoC
COGNITIVE_SYSTEMS,detection,RDoC
COGNITIVE_SYSTEMS,devaluation,RDoC
COGNITIVE_SYSTEMS,difficulty,RDoC
COGNITIVE_SYSTEMS,discourse,RDoC
COGNITIVE_SYSTEMS,discrimination,RDoC
COGNITIVE_SYSTEMS,disorganise,RDoC
COGNITIVE_SYSTEMS,distractibility,RDoC
COGNITIVE_SYSTEMS,distraction,RDoC
COGNITIVE_SYSTEMS,effect,RDoC
COGNITIVE_SYSTEMS,effort,RDoC
COGNITIVE_SYSTEMS,emotion,RDoC
COGNITIVE_SYSTEMS,employment,RDoC
COGNITIVE_SYSTEMS,energy,RDoC
COGNITIVE_SYSTEMS,episodic  memory,RDoC
COGNITIVE_SYSTEMS,executive  function,RDoC
COGNITIVE_SYSTEMS,eye ,RDoC
COGNITIVE_SYSTEMS,face,RDoC
COGNITIVE_SYSTEMS,facial,RDoC
COGNITIVE_SYSTEMS,familiarity,RDoC
COGNITIVE_SYSTEMS,fast,RDoC
COGNITIVE_SYSTEMS,fatigue,RDoC
COGNITIVE_SYSTEMS,fear,RDoC
COGNITIVE_SYSTEMS,flexible,RDoC
COGNITIVE_SYSTEMS,freezing,RDoC
COGNITIVE_SYSTEMS,frustration,RDoC
COGNITIVE_SYSTEMS,frustrative,RDoC
COGNITIVE_SYSTEMS,gain,RDoC
COGNITIVE_SYSTEMS,gating,RDoC
COGNITIVE_SYSTEMS,generalized  reward,RDoC
COGNITIVE_SYSTEMS,gestural  expression,RDoC
COGNITIVE_SYSTEMS,gesture  comprehension,RDoC
COGNITIVE_SYSTEMS,goal,RDoC
COGNITIVE_SYSTEMS,grief,RDoC
COGNITIVE_SYSTEMS,guilt,RDoC
COGNITIVE_SYSTEMS,habit,RDoC
COGNITIVE_SYSTEMS,hallucination,RDoC
COGNITIVE_SYSTEMS,head  turning,RDoC
COGNITIVE_SYSTEMS,heart  rate  variability,RDoC
COGNITIVE_SYSTEMS,hypervigilant,RDoC
COGNITIVE_SYSTEMS,imitation,RDoC
COGNITIVE_SYSTEMS,impulsive,RDoC
COGNITIVE_SYSTEMS,impulsivity,RDoC
COGNITIVE_SYSTEMS,conflict,RDoC
COGNITIVE_SYSTEMS,perseverative,RDoC
COGNITIVE_SYSTEMS,ingestion,RDoC
COGNITIVE_SYSTEMS,inhibition,RDoC
COGNITIVE_SYSTEMS,language,RDoC
COGNITIVE_SYSTEMS,laughing,RDoC
COGNITIVE_SYSTEMS,learning,RDoC
COGNITIVE_SYSTEMS,limited  capacity,RDoC
COGNITIVE_SYSTEMS,list  learning,RDoC
COGNITIVE_SYSTEMS,listening,RDoC
COGNITIVE_SYSTEMS,listening  time,RDoC
NEGATIVE_VALENCE, anger,RDoC
NEGATIVE_VALENCE, angry,RDoC
NEGATIVE_VALENCE, answer,RDoC
NEGATIVE_VALENCE, anxiety  disorder,RDoC
NEGATIVE_VALENCE, anxious,RDoC
NEGATIVE_VALENCE, aphasic,RDoC
NEGATIVE_VALENCE, appetite,RDoC
NEGATIVE_VALENCE, ashamed,RDoC
NEGATIVE_VALENCE, attack,RDoC
NEGATIVE_VALENCE, attention,RDoC
NEGATIVE_VALENCE, attentive,RDoC
NEGATIVE_VALENCE, auditory,RDoC
NEGATIVE_VALENCE,hallucination,RDoC
NEGATIVE_VALENCE, auditory  hallucination,RDoC
NEGATIVE_VALENCE, avoidance,RDoC
NEGATIVE_VALENCE, avoidant,RDoC
NEGATIVE_VALENCE, back,RDoC
NEGATIVE_VALENCE, behavior,RDoC
NEGATIVE_VALENCE, belief,RDoC
NEGATIVE_VALENCE, blackout,RDoC
NEGATIVE_VALENCE, bowel,RDoC
NEGATIVE_VALENCE, calm,RDoC
NEGATIVE_VALENCE, cardiovascular,RDoC
NEGATIVE_VALENCE, chest  pain,RDoC
NEGATIVE_VALENCE, chill,RDoC
NEGATIVE_VALENCE, cognitive,RDoC
NEGATIVE_VALENCE, compare,RDoC
NEGATIVE_VALENCE, compliance,RDoC
NEGATIVE_VALENCE, compulsive,RDoC
NEGATIVE_VALENCE, concentration,RDoC
NEGATIVE_VALENCE, concern  that,RDoC
NEGATIVE_VALENCE, constricted,RDoC
NEGATIVE_VALENCE, content,RDoC
NEGATIVE_VALENCE, continuity,RDoC
NEGATIVE_VALENCE, conversation,RDoC
NEGATIVE_VALENCE, conviction,RDoC
NEGATIVE_VALENCE, count,RDoC
NEGATIVE_VALENCE, couple,RDoC
NEGATIVE_VALENCE, current  episode,RDoC
NEGATIVE_VALENCE, deficit,RDoC
NEGATIVE_VALENCE, delusion,RDoC
NEGATIVE_VALENCE, delusional,RDoC
NEGATIVE_VALENCE, dependance,RDoC
NEGATIVE_VALENCE, depressed,RDoC
NEGATIVE_VALENCE,moody,RDoC
NEGATIVE_VALENCE, depressive,RDoC
NEGATIVE_VALENCE, depressive  disorder,RDoC
NEGATIVE_VALENCE, deprivation,RDoC
NEGATIVE_VALENCE, diaphoretic,RDoC
NEGATIVE_VALENCE, diarrhea,RDoC
NEGATIVE_VALENCE, difficulty,RDoC
NEGATIVE_VALENCE, disinhibit,RDoC
NEGATIVE_VALENCE, disorganisation,RDoC
NEGATIVE_VALENCE, disorganise  behavior,RDoC
NEGATIVE_VALENCE, distracted,RDoC
NEGATIVE_VALENCE, distractible,RDoC
NEGATIVE_VALENCE,abuse,RDoC
NEGATIVE_VALENCE, dysphoric,RDoC
NEGATIVE_VALENCE, dysthymic,RDoC
NEGATIVE_VALENCE, elicit,RDoC
NEGATIVE_VALENCE, emotional,RDoC
NEGATIVE_VALENCE, empathic,RDoC
NEGATIVE_VALENCE, engage,RDoC
NEGATIVE_VALENCE, engaged,RDoC
NEGATIVE_VALENCE,EtOH,RDoC
NEGATIVE_VALENCE, fatigue,RDoC
NEGATIVE_VALENCE, fearful,RDoC
NEGATIVE_VALENCE, feelings,RDoC
NEGATIVE_VALENCE, flight,RDoC
NEGATIVE_VALENCE, forget,RDoC
NEGATIVE_VALENCE, forgetful,RDoC
NEGATIVE_VALENCE, frighten,RDoC
NEGATIVE_VALENCE, gamble,RDoC
NEGATIVE_VALENCE, grandiose,RDoC
NEGATIVE_VALENCE, grandiosity,RDoC
NEGATIVE_VALENCE, guilt,RDoC
NEGATIVE_VALENCE, hallucinate,RDoC
NEGATIVE_VALENCE, heavy,RDoC
NEGATIVE_VALENCE, helpless,RDoC
NEGATIVE_VALENCE, heroin,RDoC
NEGATIVE_VALENCE, high-risk,RDoC
NEGATIVE_VALENCE, idea,RDoC
NEGATIVE_VALENCE, inappropriate,RDoC
NEGATIVE_VALENCE, incoherent,RDoC
NEGATIVE_VALENCE, indication,RDoC
NEGATIVE_VALENCE, induce,RDoC
NEGATIVE_VALENCE, induce  mood,RDoC
NEGATIVE_VALENCE, information,RDoC
NEGATIVE_VALENCE, injurious ,RDoC
NEGATIVE_VALENCE, insertion,RDoC
NEGATIVE_VALENCE, insomnia,RDoC
NEGATIVE_VALENCE, intact,RDoC
NEGATIVE_VALENCE, interview,RDoC
NEGATIVE_VALENCE, intoxicate,RDoC
NEGATIVE_VALENCE, intoxication,RDoC
NEGATIVE_VALENCE, irritable,RDoC
NEGATIVE_VALENCE, isolated,RDoC
NEGATIVE_VALENCE, lesion,RDoC
NEGATIVE_VALENCE, melatonin,RDoC
NEGATIVE_VALENCE, memory,RDoC
NEGATIVE_VALENCE, misunderstand,RDoC
NEGATIVE_VALENCE, money,RDoC
NEGATIVE_VALENCE, monitoring,RDoC
NEGATIVE_VALENCE, motivate,RDoC
NEGATIVE_VALENCE, motor,RDoC
NEGATIVE_VALENCE, neck,RDoC
NEGATIVE_VALENCE, nervous,RDoC
NEGATIVE_VALENCE, night,RDoC
NEGATIVE_VALENCE, oral,RDoC
NEGATIVE_VALENCE, ordering,RDoC
NEGATIVE_VALENCE,OSA,RDoC
NEGATIVE_VALENCE, outburst,RDoC
NEGATIVE_VALENCE, palpitation,RDoC
NEGATIVE_VALENCE, panic,RDoC
NEGATIVE_VALENCE, paranoid,RDoC
NEGATIVE_VALENCE, partial,RDoC
NEGATIVE_VALENCE, perception,RDoC
NEGATIVE_VALENCE, pessimistic,RDoC
NEGATIVE_VALENCE, phobia,RDoC
NEGATIVE_VALENCE, planning,RDoC
NEGATIVE_VALENCE, posttraumatic,RDoC
NEGATIVE_VALENCE, prominent,RDoC
NEGATIVE_VALENCE, psychotic  disorder,RDoC
NEGATIVE_VALENCE, related,RDoC
NEGATIVE_VALENCE, remission,RDoC
NEGATIVE_VALENCE, resource,RDoC
NEGATIVE_VALENCE, respiratory,RDoC
NEGATIVE_VALENCE, restoration,RDoC
NEGATIVE_VALENCE, schizophrenia,RDoC
NEGATIVE_VALENCE, sensory,RDoC
NEGATIVE_VALENCE, tearful,RDoC
NEGATIVE_VALENCE, tense,RDoC
NEGATIVE_VALENCE, these  problem,RDoC
NEGATIVE_VALENCE, threaten,RDoC
NEGATIVE_VALENCE, trauma,RDoC
NEGATIVE_VALENCE, type,RDoC
NEGATIVE_VALENCE, ultimately,RDoC
NEGATIVE_VALENCE, understand,RDoC
NEGATIVE_VALENCE, vague,RDoC
NEGATIVE_VALENCE, vigilance,RDoC
NEGATIVE_VALENCE, violence,RDoC
NEGATIVE_VALENCE, vomiting,RDoC
NEGATIVE_VALENCE, wakefulness,RDoC
NEGATIVE_VALENCE, weight  gain,RDoC
NEGATIVE_VALENCE, worsen,RDoC
NEGATIVE_VALENCE, worth,RDoC
NEGATIVE_VALENCE, worthless,RDoC
NEGATIVE_VALENCE, worthlessness,RDoC
NEGATIVE_VALENCE,aberrant,RDoC
POSITIVE_VALENCE,abnormality,RDoC
POSITIVE_VALENCE,aggressive,RDoC
POSITIVE_VALENCE,amount,RDoC
POSITIVE_VALENCE,behavior,RDoC
POSITIVE_VALENCE,cigarette,RDoC
POSITIVE_VALENCE,control,RDoC
POSITIVE_VALENCE,cortisol,RDoC
POSITIVE_VALENCE,disorganise,RDoC
POSITIVE_VALENCE,dizziness,RDoC
POSITIVE_VALENCE,executive  function,RDoC
POSITIVE_VALENCE,fast,RDoC
POSITIVE_VALENCE,ferritin,RDoC
POSITIVE_VALENCE,hour,RDoC
POSITIVE_VALENCE,impulse,RDoC
POSITIVE_VALENCE,irritability,RDoC
POSITIVE_VALENCE,language,RDoC
POSITIVE_VALENCE,motivate,RDoC
POSITIVE_VALENCE,notice,RDoC
POSITIVE_VALENCE,paranoia,RDoC
POSITIVE_VALENCE,psychomotor,RDoC
POSITIVE_VALENCE,psychotic,RDoC
POSITIVE_VALENCE,reactivity,RDoC
POSITIVE_VALENCE,rhythm,RDoC
POSITIVE_VALENCE,sexual  abuse,RDoC
POSITIVE_VALENCE,stress,RDoC
POSITIVE_VALENCE,thought  broadcasting,RDoC
POSITIVE_VALENCE,user,RDoC
POSITIVE_VALENCE,voice,RDoC
POSITIVE_VALENCE,waking,RDoC
POSITIVE_VALENCE,agitated,RDoC
POSITIVE_VALENCE, agitation,RDoC
POSITIVE_VALENCE, alcohol,RDoC
POSITIVE_VALENCE, alcohol  abuse,RDoC
POSITIVE_VALENCE, alcohol  withdrawal,RDoC
POSITIVE_VALENCE, alertness,RDoC
POSITIVE_VALENCE, alfa,RDoC
POSITIVE_VALENCE, down,RDoC
POSITIVE_VALENCE, drink,RDoC
POSITIVE_VALENCE, duration,RDoC
POSITIVE_VALENCE, emotional,RDoC
POSITIVE_VALENCE, exercise,RDoC
POSITIVE_VALENCE, expressive,RDoC
POSITIVE_VALENCE, feelings,RDoC
POSITIVE_VALENCE, fever,RDoC
POSITIVE_VALENCE, financial,RDoC
POSITIVE_VALENCE, flat,RDoC
POSITIVE_VALENCE, guilty,RDoC
POSITIVE_VALENCE, hallucination,RDoC
POSITIVE_VALENCE, head,RDoC
POSITIVE_VALENCE, headache,RDoC
POSITIVE_VALENCE, hoard,RDoC
POSITIVE_VALENCE, hopeful,RDoC
POSITIVE_VALENCE, hopelessness,RDoC
POSITIVE_VALENCE, hormone,RDoC
POSITIVE_VALENCE, identify,RDoC
POSITIVE_VALENCE, illusion,RDoC
POSITIVE_VALENCE, impairment,RDoC
POSITIVE_VALENCE, impulse,RDoC
POSITIVE_VALENCE, impulse  control,RDoC
POSITIVE_VALENCE, impulsive  behavior,RDoC
POSITIVE_VALENCE, inappropriate,RDoC
POSITIVE_VALENCE, intake,RDoC
POSITIVE_VALENCE, interest,RDoC
POSITIVE_VALENCE, living,RDoC
POSITIVE_VALENCE, lonely,RDoC
POSITIVE_VALENCE, lose,RDoC
POSITIVE_VALENCE, meaningless,RDoC
POSITIVE_VALENCE, misinterpret,RDoC
POSITIVE_VALENCE, motor  activity,RDoC
POSITIVE_VALENCE, ongoing,RDoC
POSITIVE_VALENCE, optimistic,RDoC
POSITIVE_VALENCE, panic  disorder,RDoC
POSITIVE_VALENCE, partial,RDoC
POSITIVE_VALENCE, posttraumatic,RDoC
POSITIVE_VALENCE, posttraumatic  stress,RDoC
POSITIVE_VALENCE, psychotic,RDoC
POSITIVE_VALENCE, psychotic  feature,RDoC
POSITIVE_VALENCE, quantity,RDoC
POSITIVE_VALENCE, recall,RDoC
POSITIVE_VALENCE, refuse,RDoC
POSITIVE_VALENCE, regular,RDoC
POSITIVE_VALENCE, related,RDoC
POSITIVE_VALENCE, repetitive,RDoC
POSITIVE_VALENCE, respond,RDoC
POSITIVE_VALENCE, restless,RDoC
POSITIVE_VALENCE, sad,RDoC
POSITIVE_VALENCE, scare,RDoC
POSITIVE_VALENCE, sensitivity,RDoC
POSITIVE_VALENCE, sensory,RDoC
POSITIVE_VALENCE, sensory  deficit,RDoC
POSITIVE_VALENCE,deficit,RDoC
POSITIVE_VALENCE, sexual,RDoC
POSITIVE_VALENCE,abuse,RDoC
POSITIVE_VALENCE, sleep  study,RDoC
POSITIVE_VALENCE, sleepiness,RDoC
POSITIVE_VALENCE, stability,RDoC
POSITIVE_VALENCE, stable,RDoC
POSITIVE_VALENCE, startle,RDoC
POSITIVE_VALENCE, stereotype,RDoC
POSITIVE_VALENCE, stop,RDoC
POSITIVE_VALENCE, strategy,RDoC
POSITIVE_VALENCE, stress,RDoC
POSITIVE_VALENCE, stressor,RDoC
POSITIVE_VALENCE, sweat,RDoC
POSITIVE_VALENCE, tachycardia,RDoC
POSITIVE_VALENCE, threaten,RDoC
POSITIVE_VALENCE, tingle,RDoC
POSITIVE_VALENCE, tired,RDoC
POSITIVE_VALENCE, trauma,RDoC
POSITIVE_VALENCE, tremulous,RDoC
POSITIVE_VALENCE, violent,RDoC
POSITIVE_VALENCE, visual,RDoC
POSITIVE_VALENCE, visual  hallucination,RDoC
POSITIVE_VALENCE, voice,RDoC
POSITIVE_VALENCE, voluntary,RDoC
POSITIVE_VALENCE, withdrawal,RDoC
POSITIVE_VALENCE, withdrawal  symptom,RDoC
POSITIVE_VALENCE, withdrawn,RDoC
SENSORIMOTOR_SYSTEMS,planning,RDoC
SENSORIMOTOR_SYSTEMS,selection,RDoC
SENSORIMOTOR_SYSTEMS,action,RDoC
SENSORIMOTOR_SYSTEMS,motor,RDoC
SENSORIMOTOR_SYSTEMS,motor  action,RDoC
SENSORIMOTOR_SYSTEMS,calculation,RDoC
SENSORIMOTOR_SYSTEMS,dynamic,RDoC
SENSORIMOTOR_SYSTEMS,sensorimotor  dynamic,RDoC
SENSORIMOTOR_SYSTEMS,hyposensitivity,RDoC
SENSORIMOTOR_SYSTEMS,sensorimotor  adaptation,RDoC
SENSORIMOTOR_SYSTEMS,sensory  motor  adaptation,RDoC
SENSORIMOTOR_SYSTEMS,initiation,RDoC
SENSORIMOTOR_SYSTEMS,psychomotor,RDoC
SENSORIMOTOR_SYSTEMS,psychomotor  retardation,RDoC
SENSORIMOTOR_SYSTEMS,retardation,RDoC
SENSORIMOTOR_SYSTEMS,temporal  judgment,RDoC
SENSORIMOTOR_SYSTEMS,apathy,RDoC
SENSORIMOTOR_SYSTEMS,execution,RDoC
SENSORIMOTOR_SYSTEMS,adaptation,RDoC
SENSORIMOTOR_SYSTEMS,motor  evoked  potential,RDoC
SENSORIMOTOR_SYSTEMS,termination,RDoC
SENSORIMOTOR_SYSTEMS,perseveration,RDoC
SENSORIMOTOR_SYSTEMS,inhibition,RDoC
SENSORIMOTOR_SYSTEMS,response  inhibition,RDoC
SENSORIMOTOR_SYSTEMS,reaction  time,RDoC
SENSORIMOTOR_SYSTEMS,ownership,RDoC
SENSORIMOTOR_SYSTEMS,stereotype,RDoC
SENSORIMOTOR_SYSTEMS,agency,RDoC
SENSORIMOTOR_SYSTEMS,sensorimotor,RDoC
SENSORIMOTOR_SYSTEMS,move,RDoC
SENSORIMOTOR_SYSTEMS,habit,RDoC
SENSORIMOTOR_SYSTEMS,motor  control,RDoC
SENSORIMOTOR_SYSTEMS,resource,RDoC
SENSORIMOTOR_SYSTEMS,innate  motor  pattern,RDoC
SENSORIMOTOR_SYSTEMS,motor  pattern,RDoC
SOCIAL_PROCESSES,local ,RDoC
SOCIAL_PROCESSES,loss,RDoC
SOCIAL_PROCESSES,loss  drive,RDoC
SOCIAL_PROCESSES,maintenance,RDoC
SOCIAL_PROCESSES,manipulation,RDoC
SOCIAL_PROCESSES,masking,RDoC
SOCIAL_PROCESSES,memory,RDoC
SOCIAL_PROCESSES,mental  state,RDoC
SOCIAL_PROCESSES,metaphor ,RDoC
SOCIAL_PROCESSES,mimicry,RDoC
SOCIAL_PROCESSES,monitoring,RDoC
SOCIAL_PROCESSES,morbid  thought,RDoC
SOCIAL_PROCESSES,motivated  behavior,RDoC
SOCIAL_PROCESSES,motor  activity,RDoC
SOCIAL_PROCESSES,motor  behavior  sleep,RDoC
SOCIAL_PROCESSES,movement,RDoC
SOCIAL_PROCESSES,social  support,RDoC
SOCIAL_PROCESSES,multimodal,RDoC
SOCIAL_PROCESSES,sleep  latency,RDoC
SOCIAL_PROCESSES,multistability,RDoC
SOCIAL_PROCESSES,naming,RDoC
SOCIAL_PROCESSES,nausea,RDoC
SOCIAL_PROCESSES,neurobehavioral,RDoC
SOCIAL_PROCESSES,noise,RDoC
SOCIAL_PROCESSES,nonfacial,RDoC
SOCIAL_PROCESSES,nonlocal ,RDoC
SOCIAL_PROCESSES,nonreward,RDoC
SOCIAL_PROCESSES,nonspatial  cuing,RDoC
SOCIAL_PROCESSES,offtask,RDoC
SOCIAL_PROCESSES,olfactory,RDoC
SOCIAL_PROCESSES,others,RDoC
SOCIAL_PROCESSES,ownership,RDoC
SOCIAL_PROCESSES,panic,RDoC
SOCIAL_PROCESSES,perception,RDoC
SOCIAL_PROCESSES,perceptual,RDoC
SOCIAL_PROCESSES,performance,RDoC
SOCIAL_PROCESSES,phobic,RDoC
SOCIAL_PROCESSES,physical  agression,RDoC
SOCIAL_PROCESSES,possibly,RDoC
SOCIAL_PROCESSES,conflict,RDoC
SOCIAL_PROCESSES,postural  expression,RDoC
SOCIAL_PROCESSES,potential  threat,RDoC
SOCIAL_PROCESSES,priming,RDoC
SOCIAL_PROCESSES,probabilistic,RDoC
SOCIAL_PROCESSES,probability ,RDoC
SOCIAL_PROCESSES,psychomotor  retardation,RDoC
SOCIAL_PROCESSES,punishment  expectancy,RDoC
SOCIAL_PROCESSES,reactivity,RDoC
SOCIAL_PROCESSES,reading,RDoC
SOCIAL_PROCESSES,recall,RDoC
SOCIAL_PROCESSES,recognition,RDoC
SOCIAL_PROCESSES,reinforcement  learning,RDoC
SOCIAL_PROCESSES,related,RDoC
SOCIAL_PROCESSES,relational  aggression,RDoC
SOCIAL_PROCESSES,relaxed,RDoC
SOCIAL_PROCESSES,repetitive  behavior,RDoC
SOCIAL_PROCESSES,representation,RDoC
SOCIAL_PROCESSES,response,RDoC
SOCIAL_PROCESSES,retrieval,RDoC
SOCIAL_PROCESSES,reward,RDoC
SOCIAL_PROCESSES,rhythm,RDoC
SOCIAL_PROCESSES,risk  assessment,RDoC
SOCIAL_PROCESSES,risky  family,RDoC
SOCIAL_PROCESSES,routine,RDoC
SOCIAL_PROCESSES,rumination,RDoC